{
  "args": {
    "systems": [
      "oscillator"
    ],
    "seeds": [
      0
    ],
    "epochs": 15,
    "d": 8
  },
  "theory": {
    "oscillator": {
      "real": -0.075,
      "imag": 1.9986,
      "stable": true
    },
    "lotka_volterra": {
      "real": 0.0,
      "imag": 2.1213,
      "stable": null
    },
    "van_der_pol": {
      "real": 0.75,
      "imag": 0.6614,
      "stable": false
    }
  },
  "runs": [
    {
      "system": "oscillator",
      "seed": 0,
      "model": "jepa",
      "spectrum": {
        "real": -0.21980023384094238,
        "imag": 0.3400949537754059,
        "spectrum": [
          [
            -0.21980023384094238,
            0.3400949537754059
          ],
          [
            -0.21980023384094238,
            -0.3400949537754059
          ],
          [
            0.052795879542827606,
            0.0
          ],
          [
            -0.01635817624628544,
            0.01667601615190506
          ],
          [
            -0.01635817624628544,
            -0.01667601615190506
          ],
          [
            -0.027951965108513832,
            0.0
          ],
          [
            0.021721769124269485,
            0.0
          ],
          [
            0.01690124161541462,
            0.0
          ]
        ],
        "fp_residual": 1.2985397646048114e-08,
        "fp_dist_to_data": 0.8690576553344727,
        "latent_scale": 2.1146762371063232
      },
      "flow": {
        "0.5": {
          "median_dist": 0.47327667474746704,
          "frac_exploded": 0.0
        },
        "1.0": {
          "median_dist": 0.9252324104309082,
          "frac_exploded": 0.0
        },
        "2.0": {
          "median_dist": 1.8324278593063354,
          "frac_exploded": 0.0
        },
        "4.0": {
          "median_dist": 3.6523609161376953,
          "frac_exploded": 0.0
        }
      }
    },
    {
      "system": "oscillator",
      "seed": 0,
      "model": "lode",
      "spectrum": {
        "real": -0.09152422845363617,
        "imag": 0.04282720386981964,
        "spectrum": [
          [
            -0.5161821842193604,
            0.0
          ],
          [
            -0.09152422845363617,
            0.04282720386981964
          ],
          [
            -0.09152422845363617,
            -0.04282720386981964
          ],
          [
            -0.039863865822553635,
            0.0
          ],
          [
            -0.0192167479544878,
            0.03375939279794693
          ],
          [
            -0.0192167479544878,
            -0.03375939279794693
          ],
          [
            0.053091444075107574,
            0.0
          ],
          [
            0.0345928892493248,
            0.0
          ]
        ],
        "fp_residual": 1.7523869276046753,
        "fp_dist_to_data": 22.313617706298828,
        "latent_scale": 3.3900997638702393
      },
      "flow": {
        "0.5": {
          "median_dist": 0.48699018359184265,
          "frac_exploded": 0.0
        },
        "1.0": {
          "median_dist": 0.8775523900985718,
          "frac_exploded": 0.0
        },
        "2.0": {
          "median_dist": 1.750584602355957,
          "frac_exploded": 0.0
        },
        "4.0": {
          "median_dist": 3.3733017444610596,
          "frac_exploded": 0.0
        }
      }
    },
    {
      "system": "oscillator",
      "seed": 0,
      "model": "unified",
      "spectrum": {
        "real": -0.16649048030376434,
        "imag": 0.4095883369445801,
        "spectrum": [
          [
            -0.16649048030376434,
            0.4095883369445801
          ],
          [
            -0.16649048030376434,
            -0.4095883369445801
          ],
          [
            0.049906156957149506,
            0.0051568481139838696
          ],
          [
            0.049906156957149506,
            -0.0051568481139838696
          ],
          [
            0.025744225829839706,
            0.0
          ],
          [
            -0.02187587134540081,
            0.011985118500888348
          ],
          [
            -0.02187587134540081,
            -0.011985118500888348
          ],
          [
            -0.03720807284116745,
            0.0
          ]
        ],
        "fp_residual": 4.976152467861539e-08,
        "fp_dist_to_data": 3.338696002960205,
        "latent_scale": 2.5722460746765137
      },
      "flow": {
        "0.5": {
          "median_dist": 0.4887092411518097,
          "frac_exploded": 0.0
        },
        "1.0": {
          "median_dist": 0.9364122152328491,
          "frac_exploded": 0.0
        },
        "2.0": {
          "median_dist": 1.85411536693573,
          "frac_exploded": 0.0
        },
        "4.0": {
          "median_dist": 3.695805788040161,
          "frac_exploded": 0.0
        }
      }
    }
  ]
}