{
  "args": {
    "dataset": "har",
    "seeds": [
      0
    ],
    "epochs": 300,
    "d": 12
  },
  "runs": [
    {
      "seed": 0,
      "acc_gen": 0.3957261574990107,
      "acc_disc": 0.9062129006727345,
      "openset_reject_gen": 0.23333333432674408,
      "openset_reject_disc": 0.06904762238264084,
      "confusion": [
        [
          356,
          140,
          0,
          0,
          0
        ],
        [
          375,
          96,
          0,
          0,
          0
        ],
        [
          12,
          15,
          19,
          111,
          334
        ],
        [
          2,
          6,
          19,
          88,
          417
        ],
        [
          36,
          13,
          23,
          24,
          441
        ]
      ],
      "known": [
        "walking",
        "upstairs",
        "sitting",
        "standing",
        "laying"
      ]
    }
  ]
}