{
  "args": {
    "systems": [
      "oscillator",
      "lotka_volterra"
    ],
    "seeds": [
      0,
      1,
      2
    ],
    "d": 8,
    "epochs": 300,
    "jitter": 0.5
  },
  "theory": {
    "oscillator": {
      "real": -0.075,
      "imag": 1.9986
    },
    "lotka_volterra": {
      "real": 0.0,
      "imag": 2.1213
    }
  },
  "runs": [
    {
      "real": -0.032701391726732254,
      "imag": 2.0897271633148193,
      "spectrum": [
        [
          -0.032701391726732254,
          2.0897271633148193
        ],
        [
          -0.032701391726732254,
          -2.0897271633148193
        ],
        [
          -0.2501910626888275,
          0.0
        ],
        [
          -0.0462656170129776,
          0.03779331222176552
        ],
        [
          -0.0462656170129776,
          -0.03779331222176552
        ],
        [
          -0.02766324020922184,
          0.0
        ],
        [
          -0.045625027269124985,
          0.012092440389096737
        ],
        [
          -0.045625027269124985,
          -0.012092440389096737
        ]
      ],
      "fp_residual": 9.543216883400873e-09,
      "fp_dist_to_data": 0.7589402794837952,
      "latent_scale": 2.804837465286255,
      "system": "oscillator",
      "seed": 0,
      "model": "ours"
    },
    {
      "real": -0.06920266151428223,
      "imag": 2.4936954975128174,
      "spectrum": [
        [
          -0.06920266151428223,
          2.4936954975128174
        ],
        [
          -0.06920266151428223,
          -2.4936954975128174
        ],
        [
          -0.30481189489364624,
          0.20083332061767578
        ],
        [
          -0.30481189489364624,
          -0.20083332061767578
        ],
        [
          -0.20995552837848663,
          0.0
        ],
        [
          0.002796924440190196,
          0.0
        ],
        [
          -0.029893623664975166,
          0.02471598982810974
        ],
        [
          -0.029893623664975166,
          -0.02471598982810974
        ]
      ],
      "fp_residual": 0.0377916544675827,
      "fp_dist_to_data": 8.766209602355957,
      "latent_scale": 4.675599098205566,
      "system": "oscillator",
      "seed": 0,
      "model": "lode"
    },
    {
      "real": 0.10513058304786682,
      "imag": 2.1273610591888428,
      "spectrum": [
        [
          0.10513058304786682,
          2.1273610591888428
        ],
        [
          0.10513058304786682,
          -2.1273610591888428
        ],
        [
          -0.21866856515407562,
          0.13060609996318817
        ],
        [
          -0.21866856515407562,
          -0.13060609996318817
        ],
        [
          -0.027611596509814262,
          0.0
        ],
        [
          -0.07120564579963684,
          0.0
        ],
        [
          -0.1429958939552307,
          0.0
        ],
        [
          -0.10975580662488937,
          0.0
        ]
      ],
      "fp_residual": 5.029141902923584e-08,
      "fp_dist_to_data": 1.0394675731658936,
      "latent_scale": 2.8164055347442627,
      "system": "oscillator",
      "seed": 1,
      "model": "ours"
    },
    {
      "real": -0.04076927900314331,
      "imag": 2.272430896759033,
      "spectrum": [
        [
          -0.04076927900314331,
          2.272430896759033
        ],
        [
          -0.04076927900314331,
          -2.272430896759033
        ],
        [
          -0.2596389651298523,
          0.11832377314567566
        ],
        [
          -0.2596389651298523,
          -0.11832377314567566
        ],
        [
          0.057574205100536346,
          0.0
        ],
        [
          -0.030194643884897232,
          0.06825500726699829
        ],
        [
          -0.030194643884897232,
          -0.06825500726699829
        ],
        [
          -0.07533951103687286,
          0.0
        ]
      ],
      "fp_residual": 4.104272761651373e-07,
      "fp_dist_to_data": 6.400505065917969,
      "latent_scale": 4.594339370727539,
      "system": "oscillator",
      "seed": 1,
      "model": "lode"
    },
    {
      "real": -0.02076619490981102,
      "imag": 1.8958163261413574,
      "spectrum": [
        [
          -0.02076619490981102,
          1.8958163261413574
        ],
        [
          -0.02076619490981102,
          -1.8958163261413574
        ],
        [
          -0.2839882969856262,
          0.5891386270523071
        ],
        [
          -0.2839882969856262,
          -0.5891386270523071
        ],
        [
          -0.23939813673496246,
          0.0
        ],
        [
          -0.017098939046263695,
          0.0
        ],
        [
          -0.03089788742363453,
          0.0
        ],
        [
          -0.05464738979935646,
          0.0
        ]
      ],
      "fp_residual": 7.664054635370121e-08,
      "fp_dist_to_data": 2.6295886039733887,
      "latent_scale": 2.847618341445923,
      "system": "oscillator",
      "seed": 2,
      "model": "ours"
    },
    {
      "real": 0.08186323940753937,
      "imag": 1.9296318292617798,
      "spectrum": [
        [
          0.08186323940753937,
          1.9296318292617798
        ],
        [
          0.08186323940753937,
          -1.9296318292617798
        ],
        [
          -0.21136166155338287,
          0.09480974078178406
        ],
        [
          -0.21136166155338287,
          -0.09480974078178406
        ],
        [
          -0.12073593586683273,
          0.0
        ],
        [
          0.052891332656145096,
          0.0
        ],
        [
          0.033454082906246185,
          0.0
        ],
        [
          -0.03999561816453934,
          0.0
        ]
      ],
      "fp_residual": 1.399836975224389e-07,
      "fp_dist_to_data": 11.369548797607422,
      "latent_scale": 4.55601167678833,
      "system": "oscillator",
      "seed": 2,
      "model": "lode"
    },
    {
      "real": -0.003940736874938011,
      "imag": 1.9664381742477417,
      "spectrum": [
        [
          -0.003940736874938011,
          1.9664381742477417
        ],
        [
          -0.003940736874938011,
          -1.9664381742477417
        ],
        [
          -0.4419427216053009,
          0.0
        ],
        [
          -0.011732884682714939,
          0.0
        ],
        [
          -0.10019789636135101,
          0.0
        ],
        [
          -0.09727867692708969,
          0.0
        ],
        [
          -0.04708196222782135,
          0.020565591752529144
        ],
        [
          -0.04708196222782135,
          -0.020565591752529144
        ]
      ],
      "fp_residual": 5.5699622691918194e-08,
      "fp_dist_to_data": 1.2849044799804688,
      "latent_scale": 2.7969110012054443,
      "system": "lotka_volterra",
      "seed": 0,
      "model": "ours"
    },
    {
      "real": 0.029485709965229034,
      "imag": 2.406459093093872,
      "spectrum": [
        [
          0.029485709965229034,
          2.406459093093872
        ],
        [
          0.029485709965229034,
          -2.406459093093872
        ],
        [
          0.07338473945856094,
          0.0
        ],
        [
          -0.1972218155860901,
          0.0
        ],
        [
          -0.021517591550946236,
          0.05387111380696297
        ],
        [
          -0.021517591550946236,
          -0.05387111380696297
        ],
        [
          -0.06846098601818085,
          0.05755001679062843
        ],
        [
          -0.06846098601818085,
          -0.05755001679062843
        ]
      ],
      "fp_residual": 1.1098379815166481e-07,
      "fp_dist_to_data": 5.485495090484619,
      "latent_scale": 3.570890188217163,
      "system": "lotka_volterra",
      "seed": 0,
      "model": "lode"
    },
    {
      "real": 0.025975994765758514,
      "imag": 1.9676004648208618,