{
  "args": {
    "seeds": [
      0
    ],
    "epochs": 300,
    "d": 12
  },
  "unseen": [
    "downstairs"
  ],
  "runs": [
    {
      "seed": 0,
      "acc_gen": 0.42738425009893155,
      "acc_disc": 0.9062129006727345,
      "openset_reject_gen": 0.33571428060531616,
      "openset_reject_disc": 0.06904762238264084,
      "confusion": [
        [
          348,
          148,
          0,
          0,
          0
        ],
        [
          390,
          81,
          0,
          0,
          0
        ],
        [
          50,
          97,
          133,
          195,
          16
        ],
        [
          13,
          9,
          422,
          88,
          0
        ],
        [
          0,
          1,
          106,
          0,
          430
        ]
      ],
      "n_test": 2527,
      "n_unseen": 420
    }
  ]
}