{
  "args": {
    "system": "oscillator",
    "noises": [
      0.02,
      0.1,
      0.3,
      0.6,
      1.0
    ],
    "jitter": 0.9,
    "d": 8,
    "epochs": 300,
    "seed": 0
  },
  "sweep": [
    {
      "noise_std": 0.02,
      "noise_share": 0.00330734858289361,
      "models": {
        "ours": {
          "per_step_rmse": [
            0.14205984771251678,
            0.15190927684307098,
            0.15645404160022736,
            0.1690170168876648,
            0.17822854220867157,
            0.18275655806064606,
            0.18309451639652252,
            0.1833578646183014,
            0.18395666778087616,
            0.180331751704216,
            0.16467830538749695,
            0.15906120836734772,
            0.15794439613819122,
            0.14333561062812805,
            0.14007213711738586,
            0.14258942008018494,
            0.1386076956987381,
            0.1384616643190384,
            0.1406857967376709,
            0.14363445341587067,
            0.15489503741264343,
            0.15575166046619415,
            0.15305989980697632,
            0.15605010092258453,
            0.15570025146007538,
            0.15360501408576965,
            0.15679821372032166,
            0.14479248225688934,
            0.14065994322299957,
            0.1314554512500763,
            0.12759101390838623,
            0.12905962765216827,
            0.13195499777793884,
            0.13514728844165802,
            0.1368914544582367,
            0.14169727265834808,
            0.14531293511390686,
            0.14608003199100494,
            0.1495165228843689,
            0.1525539755821228,
            0.14415034651756287,
            0.14156252145767212,
            0.1395847648382187,
            0.14139312505722046,
            0.1428948938846588,
            0.1405860334634781,
            0.13410942256450653,
            0.1330716460943222,
            0.13354623317718506,
            0.14236298203468323
          ],
          "mean_rmse": 0.1494414359331131,
          "recon_rmse": 0.13504184782505035
        },
        "lode": {
          "per_step_rmse": [
            0.06873993575572968,
            0.07361949235200882,
            0.07374144345521927,
            0.07834656536579132,
            0.08438653498888016,
            0.08937493711709976,
            0.09463749825954437,
            0.09682153165340424,
            0.09875936806201935,
            0.09731650352478027,
            0.08929656445980072,
            0.08667172491550446,
            0.08595731854438782,
            0.07714613527059555,
            0.07259304076433182,
            0.07163680344820023,
            0.06551485508680344,
            0.06549981981515884,
            0.06274455785751343,
            0.06467884033918381,
            0.06894678622484207,
            0.07096867263317108,
            0.06922557204961777,
            0.07521750032901764,
            0.07616507261991501,
            0.07672940194606781,
            0.07845903187990189,
            0.0720227062702179,
            0.06878402829170227,
            0.06273165345191956,
            0.058721888810396194,
            0.05771834775805473,
            0.057125456631183624,
            0.05929585173726082,
            0.059886522591114044,
            0.062434833496809006,
            0.06387671828269958,
            0.0640043392777443,
            0.06677494198083878,
            0.06883826106786728,
            0.06610273569822311,
            0.06518055498600006,
            0.06413932144641876,
            0.06524233520030975,
            0.06506770104169846,
            0.06323003768920898,
            0.05817161500453949,
            0.05664955824613571,
            0.05425213649868965,
            0.057324569672346115
          ],
          "mean_rmse": 0.07101543247699738
        }
      }
    },
    {
      "noise_std": 0.1,
      "noise_share": 0.07008101046085358,
      "models": {
        "ours": {
          "per_step_rmse": [
            0.1342945694923401,
            0.14245924353599548,
            0.1444789171218872,
            0.1550431251525879,
            0.16569238901138306,
            0.16987518966197968,
            0.17588143050670624,
            0.1732112467288971,
            0.1729874312877655,
            0.1696414351463318,
            0.15479251742362976,
            0.15045182406902313,
            0.14576293528079987,
            0.13717883825302124,
            0.1365279108285904,
            0.1380155086517334,
            0.13545644283294678,
            0.1375330090522766,
            0.13936194777488708,
            0.14234642684459686,
            0.1492566019296646,
            0.14933054149150848,
            0.14998778700828552,
            0.15503160655498505,
            0.15812501311302185,
            0.1585807055234909,
            0.16025280952453613,
            0.154317244887352,
            0.1503353714942932,
            0.1436997354030609,
            0.14243735373020172,
            0.14427480101585388,
            0.14460299909114838,
            0.14542610943317413,
            0.14990286529064178,
            0.15745818614959717,
            0.16197927296161652,
            0.162932887673378,
            0.1678512990474701,
            0.16909335553646088,
            0.16703468561172485,
            0.16701547801494598,
            0.1657075434923172,
            0.1729426234960556,
            0.17393021285533905,
            0.17301572859287262,
            0.16858918964862823,
            0.17149919271469116,
            0.17561596632003784,
            0.18165288865566254
          ],
          "mean_rmse": 0.15625745058059692,
          "recon_rmse": 0.12285104393959045
        },
        "lode": {
          "per_step_rmse": [
            0.08518080413341522,
            0.09028725326061249,
            0.09120987355709076,
            0.09502711892127991,
            0.1004922017455101,
            0.10392343252897263,
            0.10650047659873962,
            0.10858950763940811,
            0.1085481122136116,
            0.10692661255598068,
            0.09858405590057373,
            0.09770490229129791,
            0.09775126725435257,
            0.08867388218641281,
            0.08494602888822556,
            0.08452136814594269,
            0.07938676327466965,
            0.07954289019107819,
            0.07701030373573303,
            0.07826396822929382,
            0.08165296912193298,
            0.08443120867013931,
            0.08057152479887009,
            0.0860065221786499,
            0.08712577074766159,
            0.0896565169095993,
            0.09048744291067123,
            0.08468344807624817,
            0.08138033747673035,
            0.077268086373806,
            0.07243918627500534,
            0.0714447870850563,
            0.07228907197713852,
            0.07342202216386795,
            0.07335803657770157,
            0.074960857629776,
            0.07611554861068726,
            0.07577858865261078,
            0.07870712131261826,
            0.07982363551855087,
            0.07735997438430786,
            0.076969213783741,
            0.07714047282934189,
            0.07803928852081299,
            0.0768052265048027,
            0.0737062469124794,
            0.06948283314704895,
            0.06966964900493622,
            0.0673084557056427,
            0.06922789663076401
          ],
          "mean_rmse": 0.08380766212940216
        }
      }
    },
    {
      "noise_std": 0.3,
      "noise_share": 0.32923057675361633,