{
  "args": {
    "dataset": "chartraj",
    "seeds": [
      0
    ],
    "epochs": 300,
    "d": 12
  },
  "runs": [
    {
      "seed": 0,
      "acc_gen": 0.31669865642994244,
      "acc_disc": 0.9596928982725528,
      "openset_reject_gen": 0.10000000149011612,
      "openset_reject_disc": 0.4333333373069763,
      "confusion": [
        [
          0,
          0,
          0,
          0,
          0,
          0,
          0,
          1,
          13,
          2,
          0,
          0,
          0,
          12,
          0,
          4,
          2,
          1
        ],
        [
          1,
          9,
          0,
          0,
          0,
          0,
          2,
          1,
          11,
          1,
          0,
          0,
          0,
          3,
          1,
          0,
          0,
          0
        ],
        [
          0,
          0,
          1,
          0,
          4,
          1,
          0,
          4,
          4,
          7,
          0,
          2,
          0,
          0,
          0,
          1,
          0,
          5
        ],
        [
          0,
          0,
          0,
          31,
          0,
          0,
          0,
          0,
          0,
          0,
          0,
          0,
          0,
          0,
          0,
          0,
          0,
          1
        ],
        [
          0,
          0,
          0,
          0,
          14,
          2,
          0,
          4,
          5,
          4,
          0,
          0,
          2,
          0,
          0,
          0,
          0,
          7
        ],
        [
          0,
          0,
          0,
          0,
          2,
          6,
          0,
          0,
          4,
          0,
          0,
          0,
          0,
          2,
          1,
          1,
          0,
          12
        ],
        [
          0,
          0,
          0,
          0,
          0,
          0,
          4,
          1,
          16,
          4,
          0,
          0,
          0,
          0,
          1,
          0,
          0,
          0
        ],
        [
          0,
          0,
          0,
          0,
          5,
          0,
          0,
          9,
          4,
          10,
          0,
          0,
          0,
          0,
          0,
          0,
          0,
          7
        ],
        [
          0,
          0,
          0,
          1,
          0,
          0,
          0,
          1,
          18,
          2,
          0,
          0,
          0,
          1,
          1,
          0,
          0,
          1
        ],
        [
          0,
          0,
          0,
          0,
          0,
          0,
          0,
          4,
          11,
          8,
          0,
          0,
          1,
          1,
          0,
          0,
          0,
          1
        ],
        [
          0,
          0,
          1,
          0,
          13,
          1,
          0,
          1,
          8,
          1,
          2,
          0,
          1,
          0,
          1,
          0,
          0,
          0
        ],
        [
          0,
          1,
          0,
          0,
          0,
          0,
          0,
          1,
          14,
          6,
          0,
          2,
          2,
          1,
          0,
          0,
          0,
          0
        ],
        [
          0,
          0,
          0,
          0,
          1,
          0,
          0,
          0,
          5,
          4,
          0,
          0,
          12,
          0,
          0,
          0,
          1,
          2
        ],
        [
          0,
          1,
          0,
          0,
          0,
          0,
          0,
          0,
          8,
          0,
          0,
          3,
          0,
          8,
          1,
          0,
          3,
          0
        ],
        [
          2,
          0,
          0,
          0,
          0,
          1,
          0,
          0,
          7,
          0,
          0,
          0,
          0,
          3,
          10,
          3,
          1,
          0
        ],
        [
          0,
          0,
          0,
          0,
          1,
          1,
          0,
          1,
          16,
          0,
          0,
          0,
          0,
          5,
          0,
          2,
          0,
          1
        ],
        [
          0,
          0,
          0,
          0,
          2,
          0,
          0,
          0,
          6,
          1,
          0,
          2,
          2,
          2,
          0,
          0,
          13,
          3
        ],
        [
          0,
          0,
          0,
          1,
          5,
          1,
          0,
          0,
          2,
          3,
          0,
          0,
          0,
          0,
          0,
          0,
          0,
          16
        ]
      ],
      "known": [
        "a",
        "b",
        "c",
        "d",
        "e",
        "g",
        "h",
        "l",
        "m",
        "n",
        "o",
        "p",
        "q",
        "r",
        "s",
        "u",
        "v",
        "y"
      ]
    }
  ]
}